Patient_ID,Patient_Name,Age,Gender,Diagnosis,Timestamp,Heart_Rate_BPM,HRV_RMSSD,Gait_Symmetry_Score,Pressure_Asymmetry_Pct,Cadence_SPM,Stride_Time_Variability_Pct,Peak_Heel_Pressure_kPa,Peak_Forefoot_Pressure_kPa,Daily_Step_Count,Fatigue_Level,Pain_Score_AI,Alert_Status,Recommended_Action
PT-1001,Somchai P.,58,Male,Diabetic Peripheral Neuropathy,2026-10-04 14:28:00,91.5,19.4,64.9,31.5,64.5,5.83,188.1,261.3,6719,High,7.9,Critical,Immediate Tele-consult & Offloading Protocol
PT-1002,Kanya R.,46,Female,Fibromyalgia Syndrome,2026-10-04 14:23:00,84.6,63.6,89.8,4.2,104.9,3.75,253.5,200.5,6132,Low,3.7,Normal,Continue Routine Rehabilitation Plan
PT-1003,Vichai T.,67,Male,Post-Op Knee Arthroplasty,2026-10-04 14:26:00,99.8,14.5,61.2,33.8,65.2,5.87,262.9,146.5,3440,High,7.8,Critical,Immediate Tele-consult & Offloading Protocol
PT-1004,Apinya S.,52,Female,Lumbar Radiculopathy,2026-10-04 13:49:00,101.2,33.6,80.9,16.1,83.4,5.12,241.6,157.1,2609,Moderate,6.7,Warning,Titrate Analgesics & Active Pacing Advice
PT-1005,Prasert M.,71,Male,Osteoarthritis Knee,2026-10-04 14:03:00,77.2,59.2,90.6,6.4,110.7,8.09,315.7,248.5,7858,Low,1.9,Normal,Continue Routine Rehabilitation Plan
PT-1006,Malai K.,63,Female,Diabetic Peripheral Neuropathy,2026-10-04 14:05:00,93.8,23.1,74.2,14.3,86.6,4.19,218.0,256.0,4113,Moderate,6.6,Warning,Titrate Analgesics & Active Pacing Advice
PT-1007,Anan W.,39,Male,Post-Op Knee Arthroplasty,2026-10-04 13:55:00,76.8,62.9,88.6,9.4,114.4,6.54,180.8,254.2,6846,Low,1.6,Normal,Continue Routine Rehabilitation Plan
PT-1008,Narumol B.,49,Female,Fibromyalgia Syndrome,2026-10-04 14:01:00,94.2,14.5,56.6,34.8,72.0,3.98,188.9,183.5,6850,High,7.3,Critical,Immediate Tele-consult & Offloading Protocol
PT-1009,Chaiwat C.,62,Male,Lumbar Radiculopathy,2026-10-04 14:27:00,97.7,27.7,73.3,19.0,92.7,5.3,287.9,209.1,5008,Moderate,6.5,Warning,Titrate Analgesics & Active Pacing Advice
PT-1010,Supaporn D.,55,Female,Osteoarthritis Knee,2026-10-04 14:25:00,93.5,42.8,93.4,5.0,110.1,6.86,214.9,197.5,3795,Low,1.5,Normal,Continue Routine Rehabilitation Plan
PT-1011,Kittisak L.,69,Male,Diabetic Peripheral Neuropathy,2026-10-04 13:54:00,101.9,23.9,82.2,19.7,90.9,7.78,292.5,166.1,5689,Moderate,5.2,Warning,Titrate Analgesics & Active Pacing Advice
PT-1012,Ratana J.,43,Female,Fibromyalgia Syndrome,2026-10-04 14:19:00,96.4,50.3,88.9,4.5,108.8,5.22,300.5,141.0,4946,Low,3.5,Normal,Continue Routine Rehabilitation Plan
